[
  {
    "nome": "Athletico Paranaense",
    "liga": "Brasileirão Série A",
    "pais": "Brasil"
  },
  {
    "nome": "Atlético Goianiense",
    "liga": "Brasileirão Série A",
    "pais": "Brasil"
  },
  {
    "nome": "Atlético Mineiro",
    "liga": "Brasileirão Série A",
    "pais": "Brasil"
  },
  { "nome": "Bahia", "liga": "Brasileirão Série A", "pais": "Brasil" },
  { "nome": "Botafogo", "liga": "Brasileirão Série A", "pais": "Brasil" },
  { "nome": "Corinthians", "liga": "Brasileirão Série A", "pais": "Brasil" },
  { "nome": "Cruzeiro", "liga": "Brasileirão Série A", "pais": "Brasil" },
  { "nome": "Cuiabá", "liga": "Brasileirão Série A", "pais": "Brasil" },
  { "nome": "Flamengo", "liga": "Brasileirão Série A", "pais": "Brasil" },
  { "nome": "Fluminense", "liga": "Brasileirão Série A", "pais": "Brasil" },
  { "nome": "Fortaleza", "liga": "Brasileirão Série A", "pais": "Brasil" },
  { "nome": "Grêmio", "liga": "Brasileirão Série A", "pais": "Brasil" },
  { "nome": "Internacional", "liga": "Brasileirão Série A", "pais": "Brasil" },
  { "nome": "Juventude", "liga": "Brasileirão Série A", "pais": "Brasil" },
  { "nome": "Palmeiras", "liga": "Brasileirão Série A", "pais": "Brasil" },
  {
    "nome": "Red Bull Bragantino",
    "liga": "Brasileirão Série A",
    "pais": "Brasil"
  },
  { "nome": "São Paulo", "liga": "Brasileirão Série A", "pais": "Brasil" },
  { "nome": "Vasco da Gama", "liga": "Brasileirão Série A", "pais": "Brasil" },
  { "nome": "Vitória", "liga": "Brasileirão Série A", "pais": "Brasil" },
  { "nome": "Santos", "liga": "Brasileirão Série A", "pais": "Brasil" },

  { "nome": "Paris Saint-Germain", "liga": "Ligue 1", "pais": "França" },
  { "nome": "AS Monaco", "liga": "Ligue 1", "pais": "França" },
  { "nome": "Olympique Lyonnais", "liga": "Ligue 1", "pais": "França" },
  { "nome": "Olympique de Marseille", "liga": "Ligue 1", "pais": "França" },
  { "nome": "Lille OSC", "liga": "Ligue 1", "pais": "França" },
  { "nome": "FC Nantes", "liga": "Ligue 1", "pais": "França" },
  { "nome": "OGC Nice", "liga": "Ligue 1", "pais": "França" },
  { "nome": "Stade Rennais", "liga": "Ligue 1", "pais": "França" },
  { "nome": "RC Lens", "liga": "Ligue 1", "pais": "França" },
  { "nome": "Strasbourg", "liga": "Ligue 1", "pais": "França" },
  { "nome": "Lorient", "liga": "Ligue 1", "pais": "França" },
  { "nome": "Paris FC", "liga": "Ligue 1", "pais": "França" },
  { "nome": "Metz", "liga": "Ligue 1", "pais": "França" },
  { "nome": "Auxerre", "liga": "Ligue 1", "pais": "França" },
  { "nome": "Angers SCO", "liga": "Ligue 1", "pais": "França" },
  { "nome": "Brest", "liga": "Ligue 1", "pais": "França" },
  { "nome": "Le Havre", "liga": "Ligue 1", "pais": "França" },
  { "nome": "Toulouse FC", "liga": "Ligue 1", "pais": "França" },

  { "nome": "Arsenal", "liga": "Premier League", "pais": "Inglaterra" },
  { "nome": "Aston Villa", "liga": "Premier League", "pais": "Inglaterra" },
  { "nome": "AFC Bournemouth", "liga": "Premier League", "pais": "Inglaterra" },
  { "nome": "Brentford", "liga": "Premier League", "pais": "Inglaterra" },
  {
    "nome": "Brighton & Hove Albion",
    "liga": "Premier League",
    "pais": "Inglaterra"
  },
  { "nome": "Burnley", "liga": "Premier League", "pais": "Inglaterra" },
  { "nome": "Chelsea", "liga": "Premier League", "pais": "Inglaterra" },
  { "nome": "Crystal Palace", "liga": "Premier League", "pais": "Inglaterra" },
  { "nome": "Everton", "liga": "Premier League", "pais": "Inglaterra" },
  { "nome": "Fulham", "liga": "Premier League", "pais": "Inglaterra" },
  { "nome": "Leeds United", "liga": "Premier League", "pais": "Inglaterra" },
  { "nome": "Liverpool", "liga": "Premier League", "pais": "Inglaterra" },
  { "nome": "Manchester City", "liga": "Premier League", "pais": "Inglaterra" },
  {
    "nome": "Manchester United",
    "liga": "Premier League",
    "pais": "Inglaterra"
  },
  {
    "nome": "Newcastle United",
    "liga": "Premier League",
    "pais": "Inglaterra"
  },
  {
    "nome": "Nottingham Forest",
    "liga": "Premier League",
    "pais": "Inglaterra"
  },
  { "nome": "Sunderland", "liga": "Premier League", "pais": "Inglaterra" },
  {
    "nome": "Tottenham Hotspur",
    "liga": "Premier League",
    "pais": "Inglaterra"
  },
  { "nome": "West Ham United", "liga": "Premier League", "pais": "Inglaterra" },
  {
    "nome": "Wolverhampton Wanderers",
    "liga": "Premier League",
    "pais": "Inglaterra"
  },

  { "nome": "FC Augsburg", "liga": "Bundesliga", "pais": "Alemanha" },
  { "nome": "Union Berlin", "liga": "Bundesliga", "pais": "Alemanha" },
  { "nome": "Werder Bremen", "liga": "Bundesliga", "pais": "Alemanha" },
  { "nome": "Borussia Dortmund", "liga": "Bundesliga", "pais": "Alemanha" },
  { "nome": "Eintracht Frankfurt", "liga": "Bundesliga", "pais": "Alemanha" },
  { "nome": "SC Freiburg", "liga": "Bundesliga", "pais": "Alemanha" },
  { "nome": "Hamburger SV", "liga": "Bundesliga", "pais": "Alemanha" },
  { "nome": "1. FC Heidenheim", "liga": "Bundesliga", "pais": "Alemanha" },
  { "nome": "TSG Hoffenheim", "liga": "Bundesliga", "pais": "Alemanha" },
  { "nome": "1. FC Köln", "liga": "Bundesliga", "pais": "Alemanha" },
  { "nome": "RB Leipzig", "liga": "Bundesliga", "pais": "Alemanha" },
  { "nome": "Bayer Leverkusen", "liga": "Bundesliga", "pais": "Alemanha" },
  { "nome": "1. FSV Mainz 05", "liga": "Bundesliga", "pais": "Alemanha" },
  {
    "nome": "Borussia Mönchengladbach",
    "liga": "Bundesliga",
    "pais": "Alemanha"
  },
  { "nome": "Bayern Munich", "liga": "Bundesliga", "pais": "Alemanha" },
  { "nome": "FC St. Pauli", "liga": "Bundesliga", "pais": "Alemanha" },
  { "nome": "VfB Stuttgart", "liga": "Bundesliga", "pais": "Alemanha" },
  { "nome": "VfL Wolfsburg", "liga": "Bundesliga", "pais": "Alemanha" },

  { "nome": "Real Madrid", "liga": "La Liga", "pais": "Espanha" },
  { "nome": "Barcelona", "liga": "La Liga", "pais": "Espanha" },
  { "nome": "Atlético de Madrid", "liga": "La Liga", "pais": "Espanha" },
  { "nome": "Athletic Bilbao", "liga": "La Liga", "pais": "Espanha" },
  { "nome": "Real Sociedad", "liga": "La Liga", "pais": "Espanha" },
  { "nome": "Villarreal", "liga": "La Liga", "pais": "Espanha" },
  { "nome": "Real Betis", "liga": "La Liga", "pais": "Espanha" },
  { "nome": "Sevilla", "liga": "La Liga", "pais": "Espanha" },
  { "nome": "Valencia", "liga": "La Liga", "pais": "Espanha" },
  { "nome": "Getafe", "liga": "La Liga", "pais": "Espanha" },
  { "nome": "Celta de Vigo", "liga": "La Liga", "pais": "Espanha" },
  { "nome": "Las Palmas", "liga": "La Liga", "pais": "Espanha" },
  { "nome": "Girona", "liga": "La Liga", "pais": "Espanha" },
  { "nome": "Rayo Vallecano", "liga": "La Liga", "pais": "Espanha" },
  { "nome": "Mallorca", "liga": "La Liga", "pais": "Espanha" },
  { "nome": "Osasuna", "liga": "La Liga", "pais": "Espanha" },
  { "nome": "Alavés", "liga": "La Liga", "pais": "Espanha" },
  { "nome": "Leganés", "liga": "La Liga", "pais": "Espanha" },
  { "nome": "Real Valladolid", "liga": "La Liga", "pais": "Espanha" },
  { "nome": "Espanyol", "liga": "La Liga", "pais": "Espanha" },

  { "nome": "Atalanta", "liga": "Serie A", "pais": "Itália" },
  { "nome": "Bologna", "liga": "Serie A", "pais": "Itália" },
  { "nome": "Cagliari", "liga": "Serie A", "pais": "Itália" },
  { "nome": "Como", "liga": "Serie A", "pais": "Itália" },
  { "nome": "Empoli", "liga": "Serie A", "pais": "Itália" },
  { "nome": "Fiorentina", "liga": "Serie A", "pais": "Itália" },
  { "nome": "Genoa", "liga": "Serie A", "pais": "Itália" },
  { "nome": "Hellas Verona", "liga": "Serie A", "pais": "Itália" },
  { "nome": "Inter de Milão", "liga": "Serie A", "pais": "Itália" },
  { "nome": "Juventus", "liga": "Serie A", "pais": "Itália" },
  { "nome": "Lazio", "liga": "Serie A", "pais": "Itália" },
  { "nome": "Lecce", "liga": "Serie A", "pais": "Itália" },
  { "nome": "Milan", "liga": "Serie A", "pais": "Itália" },
  { "nome": "Monza", "liga": "Serie A", "pais": "Itália" },
  { "nome": "Napoli", "liga": "Serie A", "pais": "Itália" },
  { "nome": "Parma", "liga": "Serie A", "pais": "Itália" },
  { "nome": "Roma", "liga": "Serie A", "pais": "Itália" },
  { "nome": "Torino", "liga": "Serie A", "pais": "Itália" },
  { "nome": "Udinese", "liga": "Serie A", "pais": "Itália" },
  { "nome": "Venezia", "liga": "Serie A", "pais": "Itália" }
]
